cost,nensembles,logZ,elbo,ess,nparticles,cost_tuning
1225305,1,497.225967669231,488.2338221080461,0.0260076737769186,64,520000
