cost,nensembles,logZ,elbo,ess,nparticles,cost_tuning
1269371,1,498.3129211256951,490.43223405376216,0.050002968052843884,64,500000
