cost,nensembles,logZ,elbo,ess,nparticles,cost_tuning
1303259,1,497.5084928275887,488.3718024106755,0.022491238848093714,64,560000
