cost,nensembles,logZ,elbo,ess,nparticles,cost_tuning
1253520,1,501.50506092451025,489.9348324692111,0.017097055863557135,64,500000
