cost,nensembles,logZ,elbo,ess,nparticles,cost_tuning
1289125,1,498.4789032280902,488.6277241412793,0.04484111408428997,64,520000
