cost,nensembles,logZ,elbo,ess,nparticles,cost_tuning
1281218,1,502.429051465938,493.5621724851675,0.02385531425346641,64,480000
