cost,nensembles,logZ,elbo,ess,nparticles,cost_tuning
1260352,1,499.73073050267266,489.9816336810125,0.018086338353332967,64,540000
