cost,nensembles,logZ,elbo,ess,nparticles,cost_tuning
1294614,1,502.3168538692948,495.36537751597126,0.06783394220575106,64,480000
