cost,nensembles,logZ,elbo,ess,nparticles,cost_tuning
1289340,1,497.39488173433296,489.4687569699304,0.06868224977195325,64,500000
