cost,nensembles,logZ,elbo,ess,nparticles,cost_tuning
1314397,1,499.0129678213155,490.67055116080803,0.04704062569644411,64,500000
