cost,nensembles,logZ,elbo,ess,nparticles,cost_tuning
1283880,1,505.5013170046937,495.26073854733966,0.016805407746650652,64,480000
