cost,nensembles,logZ,elbo,ess,nparticles,cost_tuning
1271630,1,498.4522555612982,489.8402373931972,0.0938984921377248,64,500000
