cost,nensembles,logZ,elbo,ess,nparticles,cost_tuning
1245098,1,496.7826373306341,489.7869029490509,0.05101497246660566,64,500000
