cost,nensembles,logZ,elbo,ess,nparticles,cost_tuning
1274681,1,500.1982284820429,489.3733434365447,0.03128879569803297,64,500000
