cost,nensembles,logZ,elbo,ess,nparticles,cost_tuning
1260863,1,498.8231480458296,490.30489812958604,0.019871029080461032,64,500000
