cost,nensembles,logZ,elbo,ess,nparticles,cost_tuning
1269599,1,500.61555282365197,489.1640081985371,0.018650983008402986,64,500000
