cost,nensembles,logZ,elbo,ess,nparticles,cost_tuning
1307616,1,497.7734753119764,489.7644549543381,0.02647444696314292,64,520000
