cost,nensembles,logZ,elbo,ess,nparticles,cost_tuning
1255992,1,498.19857583283897,490.8348706742684,0.04531824092136718,64,500000
