cost,nensembles,logZ,elbo,ess,nparticles,cost_tuning
1299366,1,501.480569928738,490.404164751757,0.030588088084623842,64,500000
