cost,nensembles,logZ,elbo,ess,nparticles,cost_tuning
1249256,1,502.39960524075406,488.25408538940945,0.015994603526476095,64,520000
