cost,nensembles,logZ,elbo,ess,nparticles,cost_tuning
1302302,1,499.62396824439315,489.27240947817734,0.05261479908979693,64,520000
