cost,nensembles,logZ,elbo,ess,nparticles,cost_tuning
1255755,1,503.6072241654239,493.2640336360069,0.03656372952026542,64,480000
