cost,nensembles,logZ,elbo,ess,nparticles,cost_tuning
1259945,1,500.0450785376845,490.7100916679787,0.05110166371386181,64,500000
