cost,nensembles,logZ,elbo,ess,nparticles,cost_tuning
1298870,1,496.38040157151505,490.3496407556674,0.06853590909203922,64,500000
