cost,nensembles,logZ,elbo,ess,nparticles,cost_tuning
1283059,1,496.732855384474,488.4755339390262,0.08733597766701892,64,560000
