cost,nensembles,logZ,elbo,ess,nparticles,cost_tuning
1270244,1,497.6284382062036,490.2123066226494,0.022853265979363407,64,500000
