cost,nensembles,logZ,elbo,ess,nparticles,cost_tuning
1273726,1,499.2271796427248,488.2416941231336,0.042397881143699044,64,500000
