cost,nensembles,logZ,elbo,ess,nparticles,cost_tuning
1281215,1,499.51780855146546,491.0317364966303,0.03361735755695543,64,500000
