cost,nensembles,logZ,elbo,ess,nparticles,cost_tuning
1267202,1,502.71672953300896,489.43721254886395,0.0158514106228142,64,520000
