cost,nensembles,logZ,elbo,ess,nparticles,cost_tuning
1263901,1,498.657519948254,490.9980964286749,0.038689485542831706,64,500000
