cost,nensembles,logZ,elbo,ess,nparticles,cost_tuning
1293724,1,501.70470744508043,490.2377133690554,0.03448858383281024,64,520000
