cost,nensembles,logZ,elbo,ess,nparticles,cost_tuning
1287431,1,503.07368677129745,487.96073933886487,0.01564433009704871,64,520000
